timestamp,open,high,low,close,volume,close_time,quote_av,trades,tb_base_av,tb_quote_av,ignore
2025-03-28,87232.01000000,87515.67000000,83585.00000000,84424.38,27182.73169000,1743206399999,2309946560.66411380,3236085,11274.83736000,958523321.81127310,0
2025-03-29,84424.38000000,84624.73000000,81644.81000000,82648.54,11696.39864000,1743292799999,970199917.98687160,2172387,5621.60485000,466215575.48490690,0
2025-03-30,82648.53000000,83534.64000000,81565.00000000,82389.99,9864.49508000,1743379199999,816584795.52881260,1907663,4725.07105000,391214080.11011610,0
2025-03-31,82390.00000000,83943.08000000,81278.52000000,82550.01,20569.13885000,1743465599999,1696009191.08096490,3964358,9912.88184000,817875871.11074120,0
2025-04-01,82550.00000000,85579.46000000,82432.74000000,85158.34,20190.39697000,1743551999999,1698895702.57546820,3328693,10246.42648000,862302772.43308630,0
2025-04-02,85158.35000000,88500.00000000,82320.00000000,82516.29,39931.45700000,1743638399999,3417279759.83076360,5338238,20739.67809000,1777735583.84074790,0
2025-04-03,82516.28000000,83998.02000000,81211.24000000,83213.09,27337.84135000,1743724799999,2259299724.86439270,4117486,13951.52792000,1153439398.61980140,0
2025-04-04,83213.09000000,84720.00000000,81659.00000000,83889.87,32915.53976000,1743811199999,2739842666.42673680,4992586,15896.18779000,1323832046.26468800,0
2025-04-05,83889.87000000,84266.00000000,82379.95000000,83537.99,9360.40468000,1743897599999,779626577.90134360,1575750,4029.64658000,335654613.72771840,0
2025-04-06,83537.99000000,83817.63000000,77153.83000000,78430.0,27942.71436000,1743983999999,2239085051.15296450,3948493,12493.84490000,1001459573.49446610,0
2025-04-07,78430.00000000,81243.58000000,74508.00000000,79163.24,78387.53089000,1744070399999,6084614024.15064720,9736596,39075.84274000,3034375055.68439650,0
2025-04-08,79163.24000000,80867.99000000,76239.90000000,76322.42,35317.32063000,1744156799999,2775277777.10246080,5512751,15704.73031000,1235370767.11535030,0
2025-04-09,76322.42000000,83588.00000000,74620.00000000,82615.22,75488.28772000,1744243199999,5980231256.22249600,7741252,39491.62958000,3137004042.95926080,0
2025-04-10,82615.22000000,82753.21000000,78464.36000000,79607.3,33284.80718000,1744329599999,2690294353.84784260,4529545,16339.91910000,1321475356.02008490,0
2025-04-11,79607.30000000,84300.00000000,78969.58000000,83423.84,34435.43797000,1744415999999,2830363945.17875230,4423157,18019.58367000,1482515278.91770430,0
2025-04-12,83423.83000000,85905.00000000,82792.95000000,85276.9,18470.74437000,1744502399999,1557403252.92675150,2501196,9526.72644000,803747272.78346800,0
2025-04-13,85276.91000000,86100.00000000,83034.23000000,83760.0,24680.04181000,1744588799999,2086106375.43925540,3275879,11658.67909000,986303246.09318360,0
2025-04-14,83760.00000000,85799.99000000,83678.00000000,84591.58,28659.09348000,1744675199999,2429132805.08152890,3921522,15196.58929000,1288815999.14061730,0
2025-04-15,84591.58000000,86496.42000000,83600.00000000,83643.99,20910.99528000,1744761599999,1780972414.39560070,2910533,10439.36072000,889895753.16736510,0
2025-04-16,83643.99000000,85500.00000000,83111.64000000,84030.38,20867.24519000,1744847999999,1753910031.20092420,3264730,10456.76900000,878939829.48483680,0
2025-04-17,84030.38000000,85470.01000000,83736.26000000,84947.91,13728.84772000,1744934399999,1161659427.38626280,2003405,6424.41565000,543726754.41870160,0
2025-04-18,84947.92000000,85132.08000000,84303.96000000,84474.69,6529.96315000,1745020799999,552648483.64748710,840009,2911.78856000,246467088.26214660,0
2025-04-19,84474.70000000,85677.99000000,84364.45000000,85077.01,9666.58153000,1745107199999,823222752.28424930,875226,5416.30087000,461342923.99908200,0
2025-04-20,85077.00000000,85320.76000000,83949.52000000,85179.24,8091.67725000,1745193599999,685253644.89183620,944130,3843.48314000,325482835.73783290,0
2025-04-21,85179.24000000,88465.99000000,85144.76000000,87516.23,31773.37262000,1745279999999,2773299591.46706560,3041395,17216.39877000,1502705225.13413500,0
2025-04-22,87516.22000000,93888.00000000,87076.03000000,93442.99,43872.74705000,1745366399999,3967785064.12817020,3268475,22777.77047000,2062639579.20308550,0
2025-04-23,93442.99000000,94696.05000000,91935.41000000,93691.08,27404.16808000,1745452799999,2560279933.94795160,3016536,13128.05774000,1226992558.57654620,0
2025-04-24,93691.07000000,94005.00000000,91660.01000000,93980.47,19497.06071000,1745539199999,1811120137.31467870,2797383,8565.18128000,795787487.36089810,0
2025-04-25,93980.47000000,95758.04000000,92855.96000000,94638.68,27500.66648000,1745625599999,2596877713.64017280,3331828,13072.22136000,1234153095.72926820,0
2025-04-26,94638.68000000,95199.00000000,93870.69000000,94628.0,9415.06875000,1745711999999,889627361.84144470,1475983,4156.22463000,392757114.43835790,0
2025-04-27,94628.00000000,95369.00000000,93602.58000000,93749.3,11162.84100000,1745798399999,1052334792.18661890,1918160,5250.08719000,495112239.10816970,0
2025-04-28,93749.29000000,95630.00000000,92800.01000000,95011.18,22157.53351000,1745884799999,2092532996.55517170,3424740,11626.77592000,1098667305.23999790,0
2025-04-29,95011.18000000,95461.53000000,93742.54000000,94256.82,16955.34020000,1745971199999,1607154803.46754770,3020875,7112.68469000,674688527.81306600,0
2025-04-30,94256.82000000,95228.45000000,92910.00000000,94172.0,17661.27510000,1746057599999,1664825670.98312510,3214149,8393.21620000,791272380.03124470,0
2025-05-01,94172.00000000,97424.02000000,94130.43000000,96489.91,21380.45343000,1746143999999,2053857614.27326720,2925716,10925.87308000,1049157198.85876350,0
2025-05-02,96489.90000000,97895.68000000,96350.00000000,96887.14,14905.74811000,1746230399999,1446387651.58405750,2698263,7440.33531000,722022817.22461990,0
2025-05-03,96887.13000000,96935.67000000,95753.01000000,95856.42,9723.34838000,1746316799999,935906144.96514980,1181239,3929.40490000,378271292.44431450,0
2025-05-04,95856.42000000,96304.48000000,94151.38000000,94277.62,11036.38342000,1746403199999,1053542403.85315880,1674726,4385.33486000,418573470.85696230,0
2025-05-05,94277.61000000,95199.00000000,93514.10000000,94733.68,17251.18189000,1746489599999,1626999380.17599680,2623300,8399.64855000,792299650.33952020,0
2025-05-06,94733.68000000,96920.65000000,93377.00000000,96834.02,16122.64513000,1746575999999,1526847764.56366820,2512960,7505.95734000,711372483.61171350,0
2025-05-07,96834.02000000,97732.00000000,95784.61000000,97030.5,16644.83854000,1746662399999,1611730124.59245430,2849139,8316.74471000,805430612.40553540,0
2025-05-08,97030.50000000,104145.76000000,96876.29000000,103261.6,34962.02847000,1746748799999,3508645830.56501440,4991147,18547.23009000,1861334478.36442700,0
2025-05-09,103261.61000000,104361.30000000,102315.14000000,102971.99,27617.39907000,1746835199999,2847518447.98151310,4406929,14525.20381000,1497826622.32618800,0
2025-05-10,102971.99000000,104984.57000000,102818.76000000,104809.53,15324.78611000,1746921599999,1588386278.50241500,2227845,8258.23478000,856095289.52166460,0
2025-05-11,104809.53000000,104972.00000000,103345.06000000,104118.0,17987.12197000,1747007999999,1873381777.21242540,3100176,9071.95578000,944903285.10730800,0
2025-05-12,104118.00000000,105819.45000000,100718.37000000,102791.32,31272.77792000,1747094399999,3242348937.38306910,5298407,16455.99797000,1707457796.58813950,0
2025-05-13,102791.32000000,104976.25000000,101429.70000000,104103.72,21253.42409000,1747180799999,2197244118.15236690,3703531,10705.97845000,1106609664.70779500,0
2025-05-14,104103.72000000,104356.95000000,102602.05000000,103507.82,16452.90810000,1747267199999,1704708279.38841090,3025221,8026.03333000,831783471.65436100,0
2025-05-15,103507.83000000,104192.70000000,101383.07000000,103763.71,17998.98604000,1747353599999,1850183474.52920360,4139477,8475.18036000,871244345.56413600,0
2025-05-16,103763.71000000,104550.33000000,103100.49000000,103463.9,15683.88024000,1747439999999,1628832372.32414810,3237442,7555.15801000,784850382.19427470,0
2025-05-17,103463.90000000,103709.86000000,102612.50000000,103126.65,11250.89622000,1747526399999,1160418362.95061810,2568597,5335.11525000,550379728.73385010,0
2025-05-18,103126.65000000,106660.00000000,103105.09000000,106454.26,21599.98726000,1747612799999,2262214972.07493840,3193300,11664.89904000,1221914552.05520120,0
2025-05-19,106454.27000000,107108.62000000,102000.00000000,105573.74,30260.03524000,1747699199999,3150324504.59545150,4881371,14208.30900000,1480452895.08415620,0
2025-05-20,105573.73000000,107320.00000000,104184.72000000,106849.99,23705.48275000,1747785599999,2509102444.66959820,3878351,12350.46275000,1307273652.38952320,0
2025-05-21,106850.00000000,110797.38000000,106100.01000000,109643.99,45531.04034500,1747871999999,4914709514.32002680,6835279,23661.64939500,2555528481.09872580,0
2025-05-22,109643.99000000,111980.00000000,109177.37000000,111696.21,31630.77313000,1747958399999,3509432834.57341730,5794216,16584.56293000,1840083098.58278590,0
2025-05-23,111696.22000000,111800.00000000,106800.00000000,107318.3,31737.72309000,1748044799999,3469704446.39040470,5251192,14309.31652000,1565622441.18751700,0
2025-05-24,107318.30000000,109506.03000000,106875.41000000,107761.91,16782.53129000,1748131199999,1819958819.77485860,2805418,8786.90747000,953683093.32165700,0
2025-05-25,107761.90000000,109299.99000000,106600.64000000,109004.19,17710.04695000,1748217599999,1904366455.42585800,3151168,7867.16712000,846688135.00971360,0
2025-05-26,109004.20000000,110422.22000000,108670.58000000,109434.79,14649.11593000,1748303999999,1605578282.10790310,2887863,7301.11288000,800269021.19227970,0
2025-05-27,109434.78000000,110718.00000000,107516.57000000,108938.17,21276.65635000,1748390399999,2327603851.11926510,3735509,9969.89271000,1090553624.46159920,0
2025-05-28,108938.17000000,109284.70000000,106769.43000000,107781.78,15633.78829000,1748476799999,1689136748.51303130,2933262,6877.27341000,743282966.72071960,0
2025-05-29,107781.78000000,108891.91000000,105322.86000000,105589.75,19834.70116000,1748563199999,2128639017.50816180,3774926,9457.49356000,1015173771.54898980,0
2025-05-30,105589.75000000,106313.12000000,103621.00000000,103985.48,23706.49799000,1748649599999,2493078549.59186090,4307572,11070.98746000,1164158558.64358540,0
2025-05-31,103985.47000000,104900.00000000,103068.55000000,104591.88,11289.35922000,1748735999999,1174000801.50703790,2343787,5278.95175000,548980630.84935780,0
2025-06-01,104591.88000000,105866.91000000,103752.49000000,105642.93,9709.70006000,1748822399999,1016188486.95059960,1939359,4640.35070000,485683466.93478430,0
2025-06-02,105642.93000000,105935.63000000,103659.88000000,105857.99,13453.98813000,1748908799999,1409004206.98637330,2997656,6494.65497000,680177826.61441720,0
2025-06-03,105858.00000000,106794.67000000,104872.50000000,105376.89,13259.52634000,1748995199999,1402493746.59932180,2470698,6260.22436000,662160926.82412260,0
2025-06-04,105376.90000000,106000.00000000,104179.00000000,104696.86,14034.89482000,1749081599999,1476928482.36887810,2274464,6979.94910000,734803757.41858380,0
2025-06-05,104696.86000000,105909.71000000,100372.26000000,101508.68,22321.50154000,1749167999999,2301567892.53054470,3963295,10005.36019000,1031668517.04271110,0
2025-06-06,101508.69000000,105333.00000000,101095.80000000,104288.44,15839.07385000,1749254399999,1642382404.93557530,2709327,7655.60679000,793575821.43579320,0
2025-06-07,104288.43000000,105900.00000000,103871.09000000,105552.15,8344.93206000,1749340799999,877915380.95482310,1402494,3970.01912000,417664199.19127120,0
2025-06-08,105552.15000000,106488.14000000,104964.14000000,105734.0,8048.06305000,1749427199999,850887129.42829760,1295154,4361.42266000,461098506.08832400,0
2025-06-09,105734.01000000,110530.17000000,105318.37000000,110263.02,19975.37451000,1749513599999,2154922022.22117280,2839846,10623.88217000,1146790065.51356160,0
2025-06-10,110263.02000000,110400.00000000,108331.03000000,110274.39,17071.82839000,1749599999999,1867620550.19217290,3003420,8009.29581000,876411274.39694880,0
2025-06-11,110274.39000000,110392.01000000,108064.00000000,108645.12,13115.91638000,1749686399999,1434884639.75063030,2667014,6030.96867000,659947218.00338690,0
2025-06-12,108645.13000000,108813.55000000,105671.72000000,105671.73,17778.67218000,1749772799999,1908309274.08683440,3517420,8291.22648000,890420511.47044150,0
2025-06-13,105671.74000000,106179.53000000,102664.31000000,106066.59,26180.81734000,1749859199999,2735461890.69297020,5452577,12793.70705000,1337300355.99521930,0
2025-06-14,106066.59000000,106252.00000000,104300.00000000,105414.64,8798.93969000,1749945599999,925568614.17840650,1521776,3848.55498000,405001275.92627160,0
2025-06-15,105414.63000000,106128.57000000,104494.53000000,105594.01,7164.20047000,1750031999999,754596887.87480040,1564768,3356.46912000,353608577.68537740,0
2025-06-16,105594.02000000,108952.38000000,104980.37000000,106794.53,14922.66540000,1750118399999,1599849840.73252440,2928998,7442.34921000,797865030.13661780,0
2025-06-17,106794.53000000,107771.34000000,103371.02000000,104551.17,17866.33025000,1750204799999,1883173484.89909980,3723010,8082.65290000,852365443.21135600,0
2025-06-18,104551.17000000,105550.27000000,103500.00000000,104886.78,13968.64167000,1750291199999,1461383024.36220930,3468170,6656.31474000,696386846.69042960,0
2025-06-19,104886.79000000,105226.17000000,103929.27000000,104658.59,7678.60737000,1750377599999,803402575.96204490,1718045,3583.19736000,374871407.41073340,0
2025-06-20,104658.59000000,106524.65000000,102345.00000000,103297.99,16419.06283000,1750463999999,1714411911.01140170,3029404,7113.97039000,743649283.08002110,0
2025-06-21,103297.98000000,103982.64000000,100837.90000000,102120.01,11154.21332000,1750550399999,1144829784.73064180,2172578,4632.93703000,475270667.42267620,0
2025-06-22,102120.02000000,103399.62000000,98200.00000000,100963.87,28746.41072000,1750636799999,2892695407.80868790,5121309,13142.02965000,1322387353.31664010,0
2025-06-23,100963.87000000,106074.20000000,99613.33000000,105333.93,27666.50609000,1750723199999,2836166831.04444880,4944207,13408.20163000,1375654853.25846600,0
2025-06-24,105333.94000000,106290.00000000,104622.02000000,106083.0,14651.69335000,1750809599999,1543451113.45636120,2973481,6848.32158000,721631005.28932640,0
2025-06-25,106083.00000000,108135.30000000,105808.03000000,107340.58,16701.15551000,1750895999999,1789545470.94629000,2988892,8576.13709000,919352853.80641200,0
2025-06-26,107340.59000000,108272.45000000,106562.50000000,106947.06,10573.27279000,1750982399999,1136093974.68160140,2597742,4983.08998000,535471528.19449270,0
2025-06-27,106947.06000000,107735.34000000,106356.76000000,107047.59,12232.44042000,1751068799999,1308420348.91000950,2304499,4862.28010000,520251258.37876640,0
2025-06-28,107047.58000000,107577.75000000,106811.51000000,107296.79,3282.17352000,1751155199999,352025390.60311350,653305,1514.41959000,162441164.01323960,0
2025-06-29,107296.79000000,108528.50000000,107172.52000000,108356.93,6831.73640000,1751241599999,736708189.94956840,1223202,3771.10895000,406653127.09208040,0
2025-06-30,108356.93000000,108789.99000000,106733.33000000,107146.5,9754.12491000,1751327999999,1050407152.34505800,1773485,4331.38130000,466474537.78821220,0
2025-07-01,107146.51000000,107540.00000000,105250.85000000,105681.14,10505.62437000,1751414399999,1117432945.89263660,2013289,4648.91727000,494549276.18377850,0
2025-07-02,105681.13000000,109730.00000000,105100.19000000,108849.6,17691.89592000,1751500799999,1915699005.87728970,2444708,9248.43029000,1002261738.20887520,0
2025-07-03,108849.59000000,110529.18000000,108530.40000000,109584.78,13047.08225000,1751587199999,1429459048.63832610,2568944,6961.89686000,763022147.91167700,0
2025-07-04,109584.77000000,109767.59000000,107245.00000000,107984.24,11793.86615000,1751673599999,1276215111.66836520,1975212,4787.79822000,518313226.96675600,0
2025-07-05,107984.25000000,108420.56000000,107756.31000000,108198.12,3736.97570000,1751759999999,403928702.19674760,710020,1803.68528000,194976807.36330110,0
2025-07-06,108198.12000000,109700.00000000,107800.01000000,109203.84,6447.60700000,1751846399999,700733299.51121990,1256591,3209.35902000,348780644.23317400,0
2025-07-07,109203.85000000,109700.00000000,107513.20000000,108262.94,9405.37601000,1751932799999,1020848316.05370420,1961940,3920.92229000,425664101.80223870,0
2025-07-08,108262.94000000,109216.56000000,107429.57000000,108922.98,9216.02080000,1752019199999,1000112813.43989430,1723244,4371.98866000,474674358.99748990,0
2025-07-09,108922.99000000,111999.79000000,108324.53000000,111233.99,17282.28650000,1752105599999,1902054744.19492400,2328484,8935.70327000,983405508.74821380,0
2025-07-10,111234.00000000,116868.00000000,110500.00000000,116010.0,24883.45066500,1752191999999,2826460280.44522334,3227017,12900.13546700,1465777460.94107554,0
2025-07-11,116010.01000000,118869.98000000,115222.22000000,117527.66,25873.52114800,1752278399999,3039521803.02724685,3708194,12502.93116800,1468374333.95021235,0
2025-07-12,117527.66000000,118200.00000000,116900.05000000,117420.0,8446.60437000,1752364799999,993093353.40689040,1441851,3784.55219000,444996040.90597870,0
2025-07-13,117420.00000000,119488.00000000,117224.79000000,119086.64,9550.79294700,1752451199999,1132096857.01169159,1650283,4766.47430700,565024389.37239190,0
2025-07-14,119086.65000000,123218.00000000,118905.18000000,119841.18,27269.34887700,1752537599999,3299746181.07707340,4076133,14099.58074700,1705505292.66472420,0
2025-07-15,119841.17000000,119940.83000000,115736.92000000,117758.09,32018.46083000,1752623999999,3755258445.55327170,3805374,15667.30508000,1837578524.92386480,0
2025-07-16,117758.08000000,120063.84000000,117017.29000000,118630.43,17039.90851000,1752710399999,2023850383.72348730,2429625,8355.96881000,992430971.36759030,0
2025-07-17,118630.44000000,120998.71000000,117453.57000000,119177.56,15728.57651000,1752796799999,1869114355.12316430,2347985,7696.17927000,914659207.57442780,0
2025-07-18,119177.56000000,120820.71000000,116812.76000000,117924.84,19924.66266000,1752883199999,2367355518.47030790,2805236,8951.37863000,1063782057.47856260,0
2025-07-19,117924.84000000,118499.90000000,117277.34000000,117840.0,6635.80306000,1752969599999,783327898.49696960,1133382,2978.38320000,351626384.05029030,0
2025-07-20,117840.01000000,118856.80000000,116467.02000000,117265.12,12962.92889000,1753055999999,1528864683.81608200,1615935,6581.33371000,776457462.98182540,0
2025-07-21,117265.11000000,119676.73000000,116515.00000000,117380.36,17107.33128000,1753142399999,2020783266.96336490,2509543,8426.31812000,995117241.66790940,0
2025-07-22,117380.36000000,120247.80000000,116128.00000000,119954.42,20959.12973000,1753228799999,2481252763.65191060,2778733,10811.45507000,1280627214.62852240,0
2025-07-23,119954.43000000,120090.00000000,117301.00000000,118755.99,14558.75083000,1753315199999,1722126986.88666100,2101404,7070.08701000,836266328.74468310,0
2025-07-24,118756.00000000,119450.00000000,117103.10000000,118340.99,15806.89043000,1753401599999,1873181653.20180740,2081435,7651.73992000,906619084.60359310,0
2025-07-25,118340.98000000,118451.57000000,114723.16000000,117614.31,38406.34873000,1753487999999,4456778786.62049410,3282355,17042.77355000,1977873720.89647240,0
2025-07-26,117614.31000000,118297.35000000,117138.38000000,117919.99,6991.67206000,1753574399999,823629079.74931030,790372,3167.88355000,373290310.21643520,0
2025-07-27,117919.99000000,119766.65000000,117825.50000000,119415.55,9328.30919000,1753660799999,1107883542.16079820,1095080,5238.30358000,622261561.25072770,0
2025-07-28,119415.56000000,119800.00000000,117427.50000000,118062.32,13961.74754000,1753747199999,1655882235.89651800,1824777,7224.91774000,857128354.22340880,0
2025-07-29,118062.32000000,119273.36000000,116950.75000000,117950.76,15137.93445000,1753833599999,1788682083.68564630,1956694,7988.93736000,944162800.07458740,0
2025-07-30,117950.75000000,118792.00000000,115796.23000000,117840.3,15586.73631000,1753919999999,1832696878.22298590,1997369,7803.61434000,917632890.23365260,0
2025-07-31,117840.29000000,118922.45000000,115500.00000000,115764.08,17010.00730000,1754006399999,2002870016.70224260,1859532,8313.51616000,979519362.06854240,0
2025-08-01,115764.07000000,116052.00000000,112722.58000000,113297.93,24487.10206000,1754092799999,2810268577.15136990,4160829,11487.22120000,1318593418.06125480,0
2025-08-02,113297.92000000,114063.49000000,112003.00000000,112546.35,11507.33428000,1754179199999,1301882737.32672200,2165714,5060.00835000,572586383.07173130,0
2025-08-03,112546.35000000,114799.97000000,111920.00000000,114208.8,7397.76046000,1754265599999,841090034.15425410,1419281,3738.18331000,425246221.29553040,0
2025-08-04,114208.81000000,115720.00000000,114107.60000000,115055.03,9667.67916000,1754351999999,1109938874.06297080,1954230,4715.29351000,541443274.80937470,0
2025-08-05,115055.03000000,115127.81000000,112650.00000000,114129.75,12042.79078000,1754438399999,1371861747.14661660,2581052,5622.66754000,640570774.10106840,0
2025-08-06,114129.75000000,115716.00000000,113355.13000000,114992.27,9761.15318000,1754524799999,1118028732.85891840,2026500,4872.24748000,558193207.67707200,0
2025-08-07,114992.27000000,117621.00000000,114259.00000000,117472.01,13468.56263000,1754611199999,1564454297.83692700,2314671,7008.73753000,814088870.44463200,0
2025-08-08,117472.02000000,117630.00000000,115878.71000000,116674.74,10045.31278000,1754697599999,1172199778.72425470,2095304,4584.90574000,534970598.46875020,0
2025-08-09,116674.74000000,117944.05000000,116299.13000000,116462.25,9514.13144000,1754783999999,1111837601.70237220,1390951,4869.85416000,569228301.11699460,0
2025-08-10,116462.25000000,119311.11000000,116460.63000000,119294.01,14322.77073000,1754870399999,1694198747.87187080,2317065,8023.43513000,949082473.72132200,0
2025-08-11,119294.27000000,122335.16000000,118050.11000000,118686.0,26494.33429000,1754956799999,3194611530.54106930,4021743,13243.42946000,1596640461.64307680,0
2025-08-12,118686.00000000,120324.43000000,118207.47000000,120134.08,16720.10893000,1755043199999,1992762473.58525770,2737841,9265.05962000,1104367998.19617160,0
2025-08-13,120134.09000000,123667.79000000,118920.92000000,123306.43,23210.07102000,1755129599999,2811581348.38745740,3712817,11931.26825000,1446045988.04831460,0
2025-08-14,123306.44000000,124474.00000000,117180.00000000,118295.09,27980.94758600,1755215999999,3359128391.10852380,4350449,13402.07847600,1608719584.86973360,0
2025-08-15,118295.09000000,119216.82000000,116803.99000000,117342.05,13623.33874000,1755302399999,1607609329.68510110,2895016,6141.41708000,724799635.81724670,0
2025-08-16,117342.04000000,117898.99000000,117143.98000000,117380.66,6393.68117000,1755388799999,751719391.77236380,1179842,2995.22865000,352158781.09645510,0
2025-08-17,117380.66000000,118575.00000000,117172.21000000,117405.01,5898.64192000,1755475199999,695629197.90380730,1177563,2804.73113000,330799448.09036540,0
2025-08-18,117405.01000000,117543.75000000,114640.14000000,116227.05,17745.93954000,1755561599999,2053814085.47177750,3346280,7647.70667000,885108979.48874850,0
2025-08-19,116227.05000000,116725.69000000,112732.58000000,112872.94,18065.47424000,1755647999999,2065010895.85846640,3291182,8609.41370000,984093545.59442210,0
2025-08-20,112872.95000000,114615.38000000,112380.00000000,114271.24,15636.34194000,1755734399999,1776149566.12477360,2998370,7209.58575000,819330970.21586190,0
2025-08-21,114271.23000000,114821.76000000,112015.67000000,112500.0,10839.69235000,1755820799999,1227373788.61556290,2357380,5346.48007000,605400341.45449280,0
2025-08-22,112500.00000000,117429.05000000,111684.79000000,116935.99,23128.09037000,1755907199999,2656625122.27778650,3438518,11843.59711000,1359907711.87266930,0
2025-08-23,116936.00000000,117030.00000000,114560.00000000,115438.05,11329.36197000,1755993599999,1308825428.01435860,1559569,5083.35014000,587273893.13144330,0
2025-08-24,115438.06000000,115666.68000000,110680.00000000,113493.59,21175.98462000,1756079999999,2411284606.18917640,2573906,9325.06710000,1061855201.33431230,0
2025-08-25,113493.59000000,113667.28000000,109274.10000000,110111.98,25182.79379000,1756166399999,2805570653.63102300,4695718,11387.58170000,1269662985.34417990,0
2025-08-26,110111.98000000,112371.00000000,108666.66000000,111763.22,18452.43877000,1756252799999,2033437347.49993920,4077474,9863.43157000,1087468493.59696390,0
2025-08-27,111763.22000000,112625.00000000,110345.42000000,111262.01,13392.60875000,1756339199999,1493774927.19083180,3111496,6261.84550000,698586344.17747960,0
2025-08-28,111262.01000000,113485.90000000,110862.42000000,112566.9,11104.27744000,1756425599999,1250788481.94532180,2066780,5139.46509000,578866003.68381480,0
2025-08-29,112566.90000000,112638.64000000,107463.90000000,108377.4,22580.31045000,1756511999999,2475492492.57752970,3606959,10616.35644000,1164321513.10445710,0
2025-08-30,108377.40000000,108926.15000000,107350.10000000,108816.33,10708.39159000,1756598399999,1160666772.73875230,1411040,5797.17783000,628457794.84340100,0
2025-08-31,108816.33000000,109480.02000000,108076.93000000,108246.35,9489.51596000,1756684799999,1031806894.35133180,1366633,4573.61058000,497406888.16918830,0
2025-09-01,108246.36000000,109912.40000000,107255.00000000,109237.42,16053.60219000,1756771199999,1742516638.78113520,2729384,7532.99101000,817730948.98443340,0
2025-09-02,109237.43000000,111771.52000000,108393.39000000,111240.01,18510.28756000,1756857599999,2042681451.90163840,2596328,9088.71727000,1003032805.53679950,0
2025-09-03,111240.01000000,112575.27000000,110528.71000000,111705.71,11773.72084000,1756943999999,1313762617.34366450,2214249,5539.29462000,618293676.50751790,0
2025-09-04,111705.72000000,112180.00000000,109329.12000000,110730.87,12203.13536000,1757030399999,1349031325.53208460,2230255,6070.78151000,670681185.82571010,0
2025-09-05,110730.87000000,113384.62000000,110206.96000000,110659.99,21587.40888000,1757116799999,2413132200.62332500,2970419,10787.81127000,1206066261.22720100,0
2025-09-06,110660.00000000,111307.70000000,109977.00000000,110187.97,5000.29897000,1757203199999,552785936.54346990,795201,2308.83297000,255237426.94601100,0
2025-09-07,110187.98000000,111600.00000000,110180.00000000,111137.34,5681.29944000,1757289599999,630447950.15886890,874961,2570.85199000,285303923.54046230,0
2025-09-08,111137.35000000,112924.37000000,110621.78000000,112065.23,11582.40211000,1757375999999,1295903862.46496030,1744598,5531.65969000,618773275.35763070,0
2025-09-09,112065.23000000,113293.29000000,110766.66000000,111546.39,15379.28248000,1757462399999,1721465997.90636600,2143242,7597.38038000,849973176.17756840,0
2025-09-10,111546.38000000,114313.13000000,110917.45000000,113960.0,17517.41823000,1757548799999,1978834750.22231150,2182534,8274.63998000,934646697.48233240,0
2025-09-11,113960.00000000,115488.09000000,113430.00000000,115482.69,13676.73119000,1757635199999,1562241144.95654100,2166359,6744.29993000,770595422.69052130,0
2025-09-12,115482.69000000,116665.63000000,114740.99000000,116029.42,15324.10719000,1757721599999,1772122269.50186350,2481491,7995.57276000,924775389.85693960,0
2025-09-13,116029.41000000,116298.78000000,115127.27000000,115918.29,8269.40394000,1757807999999,957724220.64976110,1223635,3590.09359000,415773029.43935270,0
2025-09-14,115918.29000000,116165.19000000,115135.00000000,115268.01,6707.60197000,1757894399999,775762364.96859910,1237218,3406.90777000,393977059.30354210,0
2025-09-15,115268.01000000,116757.99000000,114384.00000000,115349.71,13212.51149000,1757980799999,1522648235.22351530,2857989,6621.36360000,763138585.68502490,0
2025-09-16,115349.71000000,116964.27000000,114737.11000000,116788.96,10926.90940000,1758067199999,1265779287.51692670,2047058,5292.18365000,613182568.99191850,0
2025-09-17,116788.96000000,117286.73000000,114720.81000000,116447.59,16754.24540000,1758153599999,1946083704.62174570,3227418,7975.00190000,926282110.83307900,0
2025-09-18,116447.60000000,117900.00000000,116092.76000000,117073.53,11657.23365000,1758239999999,1367513347.48650940,2252654,5717.34538000,670700552.93472770,0
2025-09-19,117073.53000000,117459.99000000,115100.00000000,115632.38,8992.09065000,1758326399999,1045792401.45323890,1732471,4020.81483000,467345983.07867990,0
2025-09-20,115632.39000000,116121.81000000,115408.47000000,115685.63,4674.92752000,1758412799999,541264273.24168940,740451,2276.16483000,263511469.84325880,0
2025-09-21,115685.63000000,115819.06000000,115188.00000000,115232.29,4511.52219000,1758499199999,521299751.15040960,945965,2016.72489000,233031538.74699310,0
2025-09-22,115232.29000000,115379.25000000,111800.00000000,112650.99,20781.71356000,1758585599999,2348872511.69887510,3045876,9312.35777000,1052684266.89818760,0
2025-09-23,112650.99000000,113290.50000000,111458.73000000,111998.8,12301.32030000,1758671999999,1383869800.27370310,2455729,5543.36090000,623665658.72003280,0
2025-09-24,111998.80000000,113940.00000000,111042.66000000,113307.0,12369.25967000,1758758399999,1394470628.50258200,2229837,6100.69487000,687826281.22047700,0
2025-09-25,113307.01000000,113510.23000000,108631.51000000,108994.49,21231.14957000,1758844799999,2356639689.92521460,4409953,9511.07937000,1055527535.76844470,0
2025-09-26,108994.49000000,110300.00000000,108620.07000000,109643.46,14243.01591000,1758931199999,1557098915.93925960,3257155,6978.29033000,762955442.75240000,0
2025-09-27,109643.46000000,109743.91000000,109064.40000000,109635.85,5501.78643000,1759017599999,601947588.99707650,919594,2523.25886000,276080500.99419540,0
2025-09-28,109635.85000000,112350.00000000,109189.99000000,112163.95,7542.33160000,1759103999999,832254944.32033530,1484866,3781.87606000,417495757.16935000,0
2025-09-29,112163.96000000,114400.00000000,111560.65000000,114311.96,15541.12005000,1759190399999,1755247635.87113600,2442653,7836.68768000,884934987.56875300,0
2025-09-30,114311.97000000,114792.00000000,112656.27000000,114048.93,15044.15633000,1759276799999,1710713267.13009550,3018331,7185.72154000,817044461.27018150,0
2025-10-01,114048.94000000,118649.10000000,113966.67000000,118594.99,20036.39516000,1759363199999,2332096981.26593350,3430343,10071.04092000,1172422657.40651740,0
2025-10-02,118594.99000000,121022.07000000,118279.31000000,120529.35,19670.83503000,1759449599999,2349861127.34458050,3472073,9753.07848000,1164986423.98980750,0
2025-10-03,120529.35000000,123894.99000000,119248.30000000,122232.0,23936.32800000,1759535999999,2907381076.68131880,4246820,11288.62355000,1372792607.61362140,0
2025-10-04,122232.21000000,122800.00000000,121510.00000000,122391.0,8208.16678000,1759622399999,1002272903.34464720,1703590,3767.80335000,460154433.12366190,0
2025-10-05,122390.99000000,125708.42000000,122136.00000000,123482.31,22043.09755300,1759708799999,2730817470.93956400,3690670,11780.67240300,1459478400.91099630,0
2025-10-06,123482.32000000,126199.63000000,123084.00000000,124658.54,19494.62879300,1759795199999,2428828952.26531830,4206167,9963.00815300,1241625129.71771830,0
2025-10-07,124658.54000000,125126.00000000,120574.94000000,121332.95,21633.99385000,1759881599999,2657405799.87054860,4390785,9699.35099000,1191947741.69890580,0
2025-10-08,121332.96000000,124197.25000000,121066.14000000,123306.0,17012.61800000,1759967999999,2084842842.44161690,4184997,9039.06222000,1107976264.69485960,0
2025-10-09,123306.01000000,123762.94000000,119651.47000000,121662.4,21559.36007000,1760054399999,2621438087.56673310,4231167,10144.15364000,1233882833.56423890,0
2025-10-10,121662.41000000,122550.00000000,102000.00000000,112774.5,64171.93927000,1760140799999,7349750905.04115730,11404522,30502.14297000,3493298452.84600770,0
2025-10-11,112774.49000000,113322.39000000,109561.59000000,110644.4,35448.51652000,1760227199999,3961069473.23113630,6661929,15375.94796000,1718429599.56695220,0
2025-10-12,110644.40000000,115770.00000000,109565.06000000,114958.8,32255.30272000,1760313599999,3638546528.74015580,6048575,16915.44533000,1907676479.17725090,0
2025-10-13,114958.81000000,115963.81000000,113616.50000000,115166.0,22557.24033000,1760399999999,2591831660.98574920,5739352,10710.89723000,1230950583.84246650,0
2025-10-14,115166.00000000,115409.96000000,109866.00000000,113028.14,31870.32974000,1760486399999,3578140778.80849870,7425642,14944.19197000,1677011392.63438070,0
2025-10-15,113028.13000000,113612.35000000,110164.00000000,110763.28,22986.48811000,1760572799999,2569639641.35276860,5243141,10499.31831000,1173678794.92077390,0
2025-10-16,110763.28000000,111982.45000000,107427.00000000,108194.28,29857.17252000,1760659199999,3277596494.76191940,6127094,13126.95119000,1441416875.12637710,0
2025-10-17,108194.27000000,109240.00000000,103528.23000000,106431.68,37920.66838000,1760745599999,4022645635.22120190,7570685,17996.99946000,1909654487.45622080,0
2025-10-18,106431.68000000,107499.00000000,106322.20000000,107185.01,11123.18766000,1760831999999,1189002999.14311300,2105450,4845.85641000,518065716.66181290,0
2025-10-19,107185.00000000,109450.07000000,106103.36000000,108642.78,15480.66423000,1760918399999,1670074079.58023430,3205640,7100.31013000,766423535.81773780,0
2025-10-20,108642.77000000,111705.56000000,107402.52000000,110532.09,19193.44160000,1761004799999,2119912185.59346830,4283542,9280.50075000,1024925788.72169910,0
2025-10-21,110532.09000000,114000.00000000,107473.72000000,108297.67,37228.01659000,1761091199999,4114477849.93205410,6004063,17034.07155000,1881327751.33461280,0
2025-10-22,108297.66000000,109163.88000000,106666.69000000,107567.44,28610.78451000,1761177599999,3090291706.44398170,5547903,13766.58861000,1487179903.59997880,0
2025-10-23,107567.45000000,111293.61000000,107500.00000000,110078.18,17573.09294000,1761263999999,1924582289.41139380,3721614,8575.33716000,938905317.70341070,0
2025-10-24,110078.19000000,112104.98000000,109700.01000000,111004.89,15005.16913000,1761350399999,1662806764.95333240,3241022,7511.24340000,832390454.80762260,0
2025-10-25,111004.90000000,111943.19000000,110672.86000000,111646.27,6407.96864000,1761436799999,714201332.97512240,1238199,3087.08660000,344113931.79994520,0
2025-10-26,111646.27000000,115466.80000000,111260.45000000,114559.4,13454.47737000,1761523199999,1525108635.87482900,2463951,6982.18154000,791462349.35160560,0
2025-10-27,114559.41000000,116400.00000000,113830.01000000,114107.65,21450.23241000,1761609599999,2470872744.54896810,3660488,10969.70182000,1263753536.99738980,0
2025-10-28,114107.65000000,116086.00000000,112211.00000000,112898.45,15523.42257000,1761695999999,1772753529.86427430,3829845,7765.31574000,887031686.01637250,0
2025-10-29,112898.44000000,113643.73000000,109200.00000000,110021.29,21079.71376000,1761782399999,2356715986.53354560,4481480,10407.07233000,1163985607.35690850,0
2025-10-30,110021.30000000,111592.00000000,106304.34000000,108322.88,25988.82838000,1761868799999,2827221287.42279770,6373451,12551.13144000,1365671836.74559240,0
2025-10-31,108322.87000000,111190.00000000,108275.28000000,109608.01,21518.20439000,1761955199999,2361590437.94141060,5256872,10798.53938000,1185034290.92377970,0
2025-11-01,109608.01000000,110564.49000000,109394.81000000,110098.1,7378.50431000,1762041599999,812389216.43467980,1994214,3406.68401000,375126956.08097220,0
2025-11-02,110098.10000000,111250.01000000,109471.34000000,110540.68,12107.00087000,1762127999999,1336870531.14150130,2652188,5921.86453000,654016950.25497770,0
2025-11-03,110540.69000000,110750.00000000,105306.56000000,106583.04,28681.18779000,1762214399999,3076006652.00156760,7074546,12847.08574000,1377869106.66817760,0
2025-11-04,106583.05000000,107299.00000000,98944.36000000,101497.22,50534.87376000,1762300799999,5197697635.21241310,9099609,23388.99033000,2406186713.17052980,0
2025-11-05,101497.23000000,104534.74000000,98966.80000000,103885.16,33778.77571000,1762387199999,3454273922.70038500,6500368,18126.84828000,1854232277.03301110,0
2025-11-06,103885.16000000,104200.00000000,100300.95000000,101346.04,25814.62139000,1762473599999,2641767846.30582700,5755001,11972.54796000,1225474173.02042840,0
2025-11-07,101346.04000000,104096.36000000,99260.86000000,103339.08,32059.50942000,1762559999999,3251112979.30588400,6335759,16056.80582000,1629564159.11657990,0
2025-11-08,103339.09000000,103406.22000000,101454.00000000,102312.94,12390.77985000,1762646399999,1267165565.37527010,2743819,5862.65977000,599611355.36714670,0
2025-11-09,102312.95000000,105495.62000000,101400.00000000,104722.96,16338.97096000,1762732799999,1687020822.36682080,3404204,8224.94939000,849620657.08690970,0
2025-11-10,104722.95000000,106670.11000000,104265.02000000,106011.13,22682.25673000,1762819199999,2400141664.38934170,4710957,11595.81944000,1226965888.74676980,0
2025-11-11,106011.13000000,107500.00000000,102476.09000000,103058.99,24196.50718000,1762905599999,2532279071.00692150,5532149,10717.03395000,1121890584.19977650,0
2025-11-12,103059.00000000,105333.33000000,100813.59000000,101654.37,20457.63906000,1762991999999,2108514405.26087720,5314132,10155.72095000,1047214063.13828700,0
2025-11-13,101654.37000000,104085.01000000,98000.40000000,99692.02,36198.50771000,1763078399999,3654698026.54038050,8125404,17250.22426000,1742449117.57636070,0
2025-11-14,99692.03000000,99866.02000000,94012.45000000,94594.0,47288.14481000,1763164799999,4566085156.74720680,9551025,21184.91518000,2045542286.86348350,0
2025-11-15,94594.00000000,96846.68000000,94558.49000000,95596.24,15110.89391000,1763251199999,1449074019.06748560,4263558,7115.78198000,682358960.75404210,0
2025-11-16,95596.23000000,96635.11000000,93005.55000000,94261.44,23889.40510000,1763337599999,2261295524.81733930,5141394,10828.62752000,1025540141.31118660,0
2025-11-17,94261.45000000,96043.00000000,91220.00000000,92215.14,39218.59806000,1763423999999,3674562070.23860600,8134322,18690.19245000,1750979467.78626070,0
2025-11-18,92215.14000000,93836.01000000,89253.78000000,92960.83,39835.14769000,1763510399999,3641033186.30045840,8786593,20130.95957000,1841176605.14182350,0
2025-11-19,92960.83000000,92980.22000000,88608.00000000,91554.96,32286.63760000,1763596799999,2925773651.25595790,6822174,15060.08451000,1365200809.17455710,0
2025-11-20,91554.96000000,93160.00000000,86100.00000000,86637.23,39733.19073000,1763683199999,3548950335.09842180,7841395,18283.84047000,1634256490.95743210,0
2025-11-21,86637.22000000,87498.94000000,80600.00000000,85129.43,72256.12679000,1763769599999,6061348756.34156410,11826480,34071.85828000,2859133223.22405230,0
2025-11-22,85129.42000000,85620.00000000,83500.00000000,84739.74,14193.93263000,1763855999999,1197657354.96903850,4697593,6688.79428000,564562148.93739320,0
2025-11-23,84739.75000000,88127.64000000,84667.57000000,86830.0,19734.46418000,1763942399999,1708685030.27986950,5063493,10406.51703000,901210513.52044730,0
2025-11-24,86830.00000000,89228.00000000,85272.00000000,88300.01,24663.12795000,1764028799999,2150393686.92031830,6189156,12438.87518000,1085485389.02341670,0
2025-11-25,88300.01000000,88519.99000000,86116.00000000,87369.96,19567.04110000,1764115199999,1708989000.03893710,4838747,9423.17985000,823123525.14025590,0
2025-11-26,87369.97000000,90656.08000000,86306.77000000,90484.02,21675.82239000,1764201599999,1916851896.66996890,4668280,10883.61063000,962765375.81638320,0
2025-11-27,90484.01000000,91950.00000000,90089.91000000,91333.95,16833.50932000,1764287999999,1535778106.57870780,3920172,8898.35835000,812005498.75948750,0
2025-11-28,91333.94000000,93092.00000000,90180.63000000,90890.7,18830.86012000,1764374399999,1721418035.07955960,4229754,8961.64712000,820315728.91869100,0
2025-11-29,90890.71000000,91165.65000000,90155.47000000,90802.44,7429.88291000,1764460799999,673725652.97876550,1677860,3359.04932000,304614219.14525830,0
2025-11-30,90802.44000000,92000.01000000,90336.90000000,90360.0,9687.74175000,1764547199999,884051773.16553380,2154030,5002.96698000,456606490.12032460,0
2025-12-01,90360.01000000,90417.00000000,83822.76000000,86286.01,34509.01227000,1764633599999,2977024047.22316070,7709685,15524.33346000,1338718794.00131230,0
2025-12-02,86286.01000000,92307.65000000,86184.39000000,91277.88,28210.22732000,1764719999999,2519515177.66236480,6397299,13512.33949000,1206199898.29415110,0
2025-12-03,91277.88000000,94150.00000000,90990.23000000,93429.95,25712.52585000,1764806399999,2386223626.86139030,6733182,12993.19312000,1206219500.45773430,0
2025-12-04,93429.95000000,94080.00000000,90889.00000000,92078.06,19803.94059000,1764892799999,1836645629.33462010,5856049,8312.69539000,770992235.20799200,0
2025-12-05,92078.06000000,92692.36000000,88056.00000000,89330.04,19792.97218000,1764979199999,1788436983.81065460,5520352,8722.13995000,787809723.72132390,0
2025-12-06,89330.04000000,90289.97000000,88908.01000000,89236.79,8409.50016000,1765065599999,753420679.80632590,2482221,4041.72834000,362232786.26957140,0
2025-12-07,89236.80000000,91760.00000000,87719.28000000,90395.31,13021.11185000,1765151999999,1167866486.84552130,3953071,6370.56683000,571547237.85676710,0
2025-12-08,90395.32000000,92287.15000000,89612.00000000,90634.34,15793.63887000,1765238399999,1436920018.89361330,5458731,7296.74328000,663654575.45218350,0
2025-12-09,90634.35000000,94588.99000000,89500.00000000,92678.8,21240.43014000,1765324799999,1956261065.60717330,5940223,10517.75959000,969426006.12226280,0
2025-12-10,92678.81000000,94476.00000000,91563.15000000,92015.37,18998.68083000,1765411199999,1758773276.24780480,6025707,9197.33116000,852012295.39671150,0
2025-12-11,92015.38000000,93555.00000000,89260.63000000,92513.38,19972.58758000,1765497599999,1814322119.06584890,6250438,9150.89797000,831529923.80888190,0
2025-12-12,92513.38000000,92754.00000000,89480.00000000,90268.42,16679.19169000,1765583999999,1521683425.56480040,4956719,7986.68273000,728724357.38865630,0
2025-12-13,90268.43000000,90634.55000000,89766.39000000,90240.01,5895.70788000,1765670399999,532250544.59040150,1363754,2237.98470000,202065519.49614060,0
2025-12-14,90240.00000000,90472.40000000,87577.36000000,88172.17,9416.94004000,1765756799999,839079130.83786510,3115749,4005.70835000,356905157.32666930,0
2025-12-15,88172.16000000,90052.64000000,85146.64000000,86432.08,19778.69190000,1765843199999,1732823429.50172870,6747167,9592.41076000,840349649.32506230,0
2025-12-16,86432.08000000,88175.98000000,85266.00000000,87863.42,18456.05017000,1765929599999,1604673428.65278360,6099692,9065.97746000,788731082.46646000,0
2025-12-17,87863.43000000,90365.85000000,85314.00000000,86243.22,19834.11729000,1766015999999,1733348496.67035940,6058638,9277.27838000,810618013.25664380,0
2025-12-18,86243.23000000,89477.61000000,84450.01000000,85516.41,25405.41763000,1766102399999,2204223872.66964650,6946947,12668.53838000,1098646854.97003660,0
2025-12-19,85516.41000000,89399.97000000,85110.24000000,88136.94,21256.65004000,1766188799999,1863236625.93286390,6482253,10880.14451000,953886285.36474160,0
2025-12-20,88136.95000000,88573.07000000,87795.76000000,88360.9,5123.13194000,1766275199999,451919022.72775950,1174426,2456.37063000,216687645.32920050,0
2025-12-21,88360.91000000,89081.77000000,87600.04000000,88658.86,7132.87258000,1766361599999,629720971.78666510,2030666,3450.39397000,304712061.79802450,0
2025-12-22,88658.87000000,90588.23000000,87900.00000000,88620.79,14673.21970000,1766447999999,1310235631.74792590,4847747,7269.61435000,649186791.77154220,0
2025-12-23,88620.79000000,88940.00000000,86601.90000000,87486.0,13910.32904000,1766534399999,1219899607.26775480,4465080,6381.76747000,559905195.88713040,0
2025-12-24,87486.00000000,88049.89000000,86420.00000000,87669.45,9140.84320000,1766620799999,797460526.47384620,2877239,4543.27331000,396385690.40460260,0
2025-12-25,87669.44000000,88592.74000000,86934.72000000,87225.27,7096.58235000,1766707199999,622970453.64976470,1992172,3390.95708000,297591128.72330410,0
2025-12-26,87225.27000000,89567.75000000,86655.08000000,87369.56,18344.61505000,1766793599999,1616722115.63664600,4509482,8846.80613000,780464877.72490640,0
2025-12-27,87369.56000000,87984.00000000,87253.05000000,87877.01,4469.55156000,1766879999999,391274205.27443600,957536,2065.72405000,180860481.23924240,0
2025-12-28,87877.00000000,88088.75000000,87435.00000000,87952.71,4446.29285000,1766966399999,390327299.15027630,1241426,2230.75216000,195842128.18741430,0
2025-12-29,87952.71000000,90406.08000000,86806.50000000,87237.13,19894.98575000,1767052799999,1762011993.03779530,4793589,10079.10102000,892298235.37550200,0
2025-12-30,87237.13000000,89400.00000000,86845.66000000,88485.49,13105.91001000,1767139199999,1155016404.47867530,3542176,6561.56089000,578303387.40254340,0
2025-12-31,88485.50000000,89200.00000000,87250.00000000,87648.22,11558.62047000,1767225599999,1019746835.27952680,2897396,5432.03408000,479104976.96454890,0
2026-01-01,87648.21000000,88919.45000000,87550.43000000,88839.04,6279.57133000,1767311999999,552991635.29110020,1449281,3123.64536000,275090077.28838170,0
2026-01-02,88839.05000000,90961.81000000,88379.88000000,89995.13,17396.97301000,1767398399999,1558958860.88708750,5010211,8929.35447000,800380273.96401860,0
2026-01-03,89995.14000000,90741.16000000,89314.01000000,90628.01,7057.46716000,1767484799999,635514773.60936550,1684214,3791.72083000,341479553.30158280,0
2026-01-04,90628.01000000,91810.00000000,90628.00000000,91529.73,10426.52970000,1767571199999,952160980.52120840,2207037,5320.99389000,485918671.59201990,0
2026-01-05,91529.74000000,94789.08000000,91514.81000000,93859.71,20673.59584000,1767657599999,1927455243.54807600,5485489,10892.96950000,1015858751.93170280,0
2026-01-06,93859.71000000,94444.44000000,91262.94000000,93747.97,18546.41829000,1767743999999,1728045542.29837500,5018686,8108.82157000,755998193.39696320,0
2026-01-07,93747.97000000,93747.97000000,90675.52000000,91364.16,14276.49025000,1767830399999,1311906952.97497360,4340252,6714.86954000,616889466.14819760,0
2026-01-08,91364.16000000,91687.99000000,89311.00000000,91099.99,16132.79117000,1767916799999,1460622501.20738820,4923472,8192.07574000,741768676.97519140,0
2026-01-09,91100.00000000,92082.55000000,89694.66000000,90641.28,15590.27939000,1768003199999,1416907180.18704820,4155703,8512.43270000,773999739.23753360,0
2026-01-10,90641.27000000,90832.00000000,90404.00000000,90504.7,3104.11722000,1768089599999,281321375.48029810,766357,1551.97383000,140664759.40958690,0
2026-01-11,90504.70000000,91283.89000000,90236.00000000,91013.65,5477.13594000,1768175999999,497245863.93194990,1282029,2868.36168000,260447706.80887160,0
2026-01-12,91013.66000000,92519.95000000,90128.44000000,91296.2,16188.08268000,1768262399999,1479964862.26930640,4099509,8092.54280000,740004800.18072220,0
2026-01-13,91296.20000000,96495.00000000,91042.66000000,95414.0,23021.51482000,1768348799999,2149770801.11770380,5025071,12405.23056000,1159067162.24898290,0
2026-01-14,95413.99000000,97924.49000000,94559.28000000,96951.78,22851.89428000,1768435199999,2201535821.64861470,5346212,11974.98829000,1154415462.59730280,0
2026-01-15,96951.78000000,97193.34000000,95134.48000000,95604.8,21725.81369000,1768521599999,2093008182.84373360,4493095,10841.32767000,1045103063.11148480,0
2026-01-16,95604.81000000,95871.47000000,94293.46000000,95550.94,11167.71460000,1768607999999,1064019408.07725140,2971559,5055.06952000,481723178.08146790,0
2026-01-17,95550.94000000,95639.45000000,95021.67000000,95147.77,4280.80137000,1768694399999,408161941.67190790,1020527,2059.85283000,196399075.97097010,0
2026-01-18,95147.77000000,95531.12000000,93615.40000000,93673.14,6895.17819000,1768780799999,654773743.26771180,1488785,3107.35604000,295217762.82127930,0
2026-01-19,93673.14000000,93673.14000000,91910.20000000,92631.0,14295.52747000,1768867199999,1326770336.04904700,3359066,6906.84245000,640981004.89581220,0
2026-01-20,92630.99000000,92870.00000000,87895.98000000,88427.66,22007.32610000,1768953599999,1989676668.59417830,6064031,9629.19624000,870936424.13909420,0
2026-01-21,88427.66000000,90574.00000000,87263.53000000,89454.73,20617.50372000,1769039999999,1837708115.35970330,6419053,10265.21302000,915531751.08220060,0
2026-01-22,89454.73000000,90359.99000000,88515.37000000,89559.67,10825.50492000,1769126399999,969910623.35598860,3743412,5529.54766000,495598490.52278970,0
2026-01-23,89559.68000000,91224.99000000,88578.36000000,89600.26,13918.48919000,1769212799999,1248772265.67884300,4619907,6911.17668000,620204414.13235400,0
2026-01-24,89600.26000000,89957.39000000,89162.08000000,89225.34,4226.56737000,1769299199999,378464146.09188120,959854,1835.96939000,164401193.43969370,0
2026-01-25,89225.34000000,89319.13000000,86074.72000000,86670.36,14426.22019000,1769385599999,1264233689.84158100,3720178,6269.27657000,549304584.56739540,0
2026-01-26,86670.36000000,88860.00000000,86509.63000000,88347.08,17766.51453000,1769471999999,1560135758.98921480,4798083,9428.94206000,827914390.69498980,0
2026-01-27,88347.08000000,89523.16000000,87304.33000000,89250.0,13125.40425000,1769558399999,1160026853.58950320,3787336,6722.86937000,594388596.05727970,0
2026-01-28,89249.99000000,90600.00000000,88833.65000000,89299.99,14332.18502000,1769644799999,1283919840.85147180,4385791,7015.44336000,628761031.31513640,0
2026-01-29,89300.00000000,89348.00000000,83383.33000000,84650.16,30431.38201000,1769731199999,2610381587.91000350,5598749,12385.58906000,1062920384.07601880,0
2026-01-30,84650.16000000,84735.75000000,81118.00000000,84260.49,35195.84793000,1769817599999,2918624066.48183200,8998829,16749.59784000,1389486785.10668100,0
2026-01-31,84260.50000000,84270.02000000,75719.90000000,78741.09,39491.89133000,1769903999999,3155264093.62304410,7384976,17959.61358000,1435120245.98269650,0
2026-02-01,78741.10000000,79424.00000000,75700.00000000,76968.21,25395.48168000,1769990399999,1974920557.04738660,8001906,12031.74392000,936095742.74021720,0
2026-02-02,76968.22000000,79360.00000000,74604.00000000,78738.61,42273.59016000,1770076799999,3260752444.46132960,10085578,21480.45115000,1658977441.22344040,0
2026-02-03,78738.60000000,79186.81000000,72945.50000000,75770.21,39120.10889000,1770163199999,2986903008.57479190,9199445,17304.88253000,1324119396.43603960,0
2026-02-04,75770.21000000,76971.52000000,71888.00000000,73165.83,38375.36000000,1770249599999,2852834631.53914640,10724002,17274.35569000,1284664768.82907250,0
2026-02-05,73165.84000000,73341.18000000,62345.00000000,62909.86,106298.82899000,1770335999999,7198745594.28069360,15364010,49042.65006000,3325749503.03323960,0
2026-02-06,62909.87000000,71751.33000000,60000.00000000,70580.26,92539.21531000,1770422399999,6134056670.61150540,13228528,49477.51198000,3288426149.28068820,0
2026-02-07,70580.26000000,71690.07000000,67300.00000000,69289.38,44255.48036000,1770508799999,3058983879.06915240,7167427,18766.22233000,1298989823.42944090,0
2026-02-08,69289.37000000,72271.41000000,68888.00000000,70330.38,21420.53168000,1770595199999,1510003758.65284210,4870449,11435.75238000,805898867.28181970,0
2026-02-09,70330.38000000,71453.53000000,68308.00000000,70138.0,29152.72842000,1770681599999,2038959539.42097760,6644769,13854.63486000,969001616.68297280,0
2026-02-10,70138.00000000,70527.59000000,67800.00000000,68841.29,20373.77072000,1770767999999,1408623623.35992530,4558658,9237.21056000,638739950.25352550,0
2026-02-11,68841.28000000,69292.88000000,65756.00000000,67082.52,28718.24602000,1770854399999,1930513947.54411460,6956577,14335.50997000,963903748.26948730,0
2026-02-12,67082.52000000,68410.52000000,65118.00000000,66272.17,24271.74283000,1770940799999,1622162145.33420660,6778280,12101.72511000,809418852.07336170,0
2026-02-13,66272.17000000,69482.97000000,65872.46000000,68853.96,20244.54955000,1771027199999,1371286022.33005480,6450842,10425.24887000,706766540.61685410,0
2026-02-14,68853.97000000,70560.01000000,68730.13000000,69822.95,18114.78393000,1771113599999,1260259314.36002640,3803163,7857.93423000,546756073.26494120,0
2026-02-15,69822.94000000,70983.00000000,68000.00000000,68832.58,22290.05208000,1771199999999,1545094572.13681450,4598633,8861.59262000,615733099.12089960,0
2026-02-16,68832.59000000,70126.67000000,67294.11000000,68892.43,15515.76534000,1771286399999,1062797918.25359710,5233849,8153.43140000,558909191.76749180,0
2026-02-17,68892.43000000,69241.50000000,66621.06000000,67503.52,16489.06921000,1771372799999,1117987651.29481200,5994853,7538.45107000,511426190.89324030,0
2026-02-18,67503.52000000,68476.22000000,65870.00000000,66461.0,15492.43839000,1771459199999,1040493524.65212360,4548997,7895.05707000,530458178.13856490,0
2026-02-19,66461.00000000,67320.00000000,65631.83000000,67003.73,14542.26988000,1771545599999,968863572.78215260,4679351,7106.70741000,473456223.07210710,0
2026-02-20,67003.73000000,68318.39000000,66280.20000000,68020.01,35351.87091000,1771631999999,2378079150.56784730,5044912,15001.46034000,1010970043.14524130,0
2026-02-21,68020.00000000,68698.70000000,67534.69000000,67975.93,8032.84131000,1771718399999,547592078.84719890,1593539,4003.46206000,272919692.67728000,0
2026-02-22,67975.93000000,68245.00000000,67190.00000000,67643.4,8175.13484000,1771804799999,553613335.57741360,2160900,3974.29287000,269081093.61093830,0
2026-02-23,67643.39000000,67684.86000000,63888.79000000,64656.02,33075.90923000,1771891199999,2158158656.12151660,8268695,16388.63858000,1069328860.05896250,0
2026-02-24,64656.01000000,65026.75000000,62510.28000000,64058.15,23102.83622000,1771977599999,1469512159.71993510,7553629,11150.61026000,709235431.91769840,0
2026-02-25,64058.15000000,69988.83000000,63913.27000000,67988.04,30749.99259000,1772063999999,2064089702.84443500,7096715,16382.91985000,1098904977.00827200,0
2026-02-26,67988.04000000,68860.00000000,66500.00000000,67485.18,20737.77792000,1772150399999,1404774665.56456080,5426137,10172.50047000,689304052.45306700,0
2026-02-27,67485.19000000,68216.80000000,64914.46000000,65872.1,21228.58424000,1772236799999,1412033823.56197280,3856064,10107.20917000,671986242.52466200,0
2026-02-28,65872.09000000,67760.00000000,63030.00000000,66973.26,22548.71649000,1772323199999,1462864408.26156650,5268514,11531.10802000,748190390.43238220,0
2026-03-01,66973.26000000,68199.99000000,65056.00000000,65776.47,23201.85859000,1772409599999,1545783742.90620010,5312013,11209.77201000,747161922.84846160,0
2026-03-02,65776.48000000,70096.00000000,65259.21000000,68830.06,32010.38431000,1772495999999,2164578841.84591730,8397526,15335.91369000,1037871544.54815050,0
2026-03-03,68830.06000000,69258.08000000,66158.00000000,68338.0,24972.24180000,1772582399999,1691848669.94301820,7648119,12331.62200000,835461016.09469440,0
2026-03-04,68338.01000000,74050.00000000,67400.00000000,72666.77,44919.07610000,1772668799999,3202864447.63246060,8618302,23641.35243000,1685099057.93017800,0
2026-03-05,72666.77000000,73558.15000000,70645.47000000,70890.72,26590.51253000,1772755199999,1917514690.38783410,6709160,12299.51467000,886773462.47277710,0
2026-03-06,70891.02000000,71419.98000000,67744.78000000,68114.02,22629.88722000,1772841599999,1574601198.87488800,5302899,10464.09351000,728091757.78221270,0
2026-03-07,68114.02000000,68551.04000000,66915.26000000,67262.91,12719.54315000,1772927999999,861729861.85304880,2067476,5910.76849000,400477518.35669130,0
2026-03-08,67262.91000000,68200.00000000,65618.49000000,65971.2,21593.63901000,1773014399999,1447522160.31545460,3028392,11268.64926000,755732359.16967190,0
2026-03-09,65971.20000000,69516.65000000,65821.97000000,68432.16,28896.72130000,1773100799999,1967622051.44968020,5093667,14101.45378000,960195772.91590640,0
2026-03-10,68432.16000000,71777.00000000,68391.41000000,69948.63,32602.57726000,1773187199999,2292525621.44052050,5176064,16453.82839000,1157238967.10044540,0
2026-03-11,69948.64000000,71321.00000000,68977.91000000,70191.86,27249.27542000,1773273599999,1911300596.23416780,4759855,14015.31615000,982971805.59972250,0
2026-03-12,70191.86000000,70800.00000000,69205.91000000,70541.34,21997.16050000,1773359999999,1540745224.51010620,4344059,10545.03396000,738758111.89891770,0
2026-03-13,70541.34000000,73913.74000000,70386.01000000,70930.0,35996.61678000,1773446399999,2591768526.29614710,5312490,18310.34260000,1319530652.95863130,0
2026-03-14,70930.01000000,71307.92000000,70317.00000000,71211.95,13017.24737000,1773532799999,921308630.94627690,1661739,6242.10104000,441895405.35856250,0
2026-03-15,71211.95000000,73199.00000000,70858.82000000,72815.24,14037.30704000,1773619199999,1007334955.24365140,2509013,7307.01776000,524440519.76277650,0
2026-03-16,72815.25000000,74909.08000000,72270.41000000,74884.67,28409.53019000,1773705599999,2095859511.56486360,5396482,15204.22255000,1122045159.19947890,0
2026-03-17,74884.67000000,76000.00000000,73399.19000000,73909.36,24521.26636000,1773791999999,1825976731.33267320,4863187,11791.25230000,878396858.78088600,0
2026-03-18,73909.37000000,74672.34000000,70500.00000000,71246.54,23392.88093000,1773878399999,1692949838.97774240,4733897,11709.17057000,847905482.69725620,0
2026-03-19,71246.55000000,71613.79000000,68793.35000000,69930.0,22364.81819000,1773964799999,1566573949.86041240,4972526,10489.13676000,734634623.28738830,0
2026-03-20,69930.01000000,71367.00000000,69388.00000000,70510.73,18121.16745000,1774051199999,1273812840.68867040,4369971,8801.41211000,618781938.22681490,0
2026-03-21,70510.73000000,71100.94000000,68571.42000000,68918.12,13397.16750000,1774137599999,942693882.02642400,1640086,6379.69313000,449156360.93415470,0
2026-03-22,68918.12000000,69588.79000000,67360.66000000,67859.0,14843.78682000,1774223999999,1018926475.31969740,3269152,7292.32333000,500700088.25183490,0
2026-03-23,67859.00000000,71817.09000000,67445.18000000,70906.45,28335.09119000,1774310399999,1980755169.23169410,6509730,14640.97230000,1022970775.45578170,0
2026-03-24,70906.45000000,71400.00000000,68923.07000000,70556.74,20702.42244000,1774396799999,1455361229.20996450,4191328,9731.85043000,684254039.29491270,0
2026-03-25,70556.74000000,72026.09000000,70408.00000000,71336.53,17719.50066000,1774483199999,1261017988.53943220,3298902,8819.77787000,627874982.89216630,0
2026-03-26,71336.53000000,71436.82000000,68153.00000000,68820.31,20820.45768000,1774569599999,1447699734.33983910,3597702,10116.39467000,703650001.59011960,0
2026-03-27,68820.31000000,69179.05000000,65548.25000000,65920.01,28010.95582000,1774655999999,1878075384.89952550,4062893,14283.18064000,957777290.24224610,0
